titre,url
What is Cybersecurity? Everything You Need to Know,https://www.techtarget.com › cybers...
Meilleurs cours de Cybersecurity - Coursera,https://fr.coursera.org › courses › query=cybersecurity
Guardia Cybersecurity School : école de Cybersécurité Lyon ...,https://guardia.school
"CNPP Cybersecurity, Prévention et maîtrise des risques cyber",https://www.cnpp-cybersecurity.com
Strengthening cybersecurity to protect clients' interests - Amundi,https://www.amundi.fr › 2021/05
Cybersecurity - CISA,https://www.cisa.gov › cybersecurity
Cybersécurité - EY,https://www.ey.com › fr_fr › cybersecurity
What Is Cybersecurity? - Gartner,https://www.gartner.com › topics › c...
Cybersécurité: comment l'UE lutte contre les cybermenaces,https://www.consilium.europa.eu › cybersecurity
Forum International de la Cybersécurité: FIC,https://www.forum-fic.com
Cybersecurity | Home,https://cybersecurity.springeropen.com
Cybersecurity | Services | FTI Consulting,https://www.fticonsulting.com › cyb...
What is Cyber Security? Definition & Best Practices,https://www.itgovernance.co.uk › w...
Palo Alto Networks: Global Cybersecurity Leader,https://www.paloaltonetworks.com
Cybersecurity | Topic Areas | Siemens Global,https://new.siemens.com › company
National Cyber Security Centre - NCSC.GOV.UK,https://www.ncsc.gov.uk
What Is Cybersecurity? - Trellix,https://www.trellix.com › en-us › wh...
Cybersecurity | World Economic Forum,https://www.weforum.org › topics
Network Code on Cybersecurity - entso-e,https://www.entsoe.eu › nccs
CyberSecurity Master Grenoble,https://casys.gricad-pages.univ-grenoble-alpes.fr › ...
| Centre for Cyber security Belgium,https://ccb.belgium.be
What Is Cybersecurity? Definition & Types - Fortinet,https://www.fortinet.com › resources
Protecting your business to face cybersecurity challenges - Atos,https://atos.net › Home › Solutions
Cybersecurity | Ready.gov,https://www.ready.gov › cybersecurity
Cybersecurity Basics | Federal Trade Commission,https://www.ftc.gov › small-businesses › basics
"Cybersecurity - security, cybercrime and cyberattacks in flux",https://www.i-scoop.eu › cybersecurity
Cybersecurity - Brookings Institution,https://www.brookings.edu › topic
What is Cybersecurity? - Reciprocity,https://reciprocity.com › resources
Journal of Cybersecurity | Oxford Academic,https://academic.oup.com › cybersec...
cybersecurity - Wiktionnaire,https://fr.wiktionary.org › wiki › cybersecurity
Cybersecurity Dive: Cybersecurity News and Analysis,https://www.cybersecuritydive.com
Cyber Security Courses - Udemy,https://www.udemy.com › topic › cy...
School of Cybersecurity - Old Dominion University,https://www.odu.edu › cyber
Cyber Security Guidance Material - HHS.gov,https://www.hhs.gov › hipaa › cyber...
Cybersecurity Learning For Everyone - Trailhead - Salesforce,https://trailhead.salesforce.com › cybersecurity
CyberSecurity Malaysia,https://www.cybersecurity.my
National Cybersecurity Portal,https://www.cybersecurity.lu
Google Cybersecurity Action Team,https://cloud.google.com › gcat
European Cyber Security Challenge — ECSC,https://ecsc.eu
Cybersecurity - CNBC,https://www.cnbc.com › cybersecurity
Cybersecurity for Small Businesses,https://www.fcc.gov › cybersecurity-...
Indiana Cybersecurity: Home - IN.gov,https://www.in.gov › cybersecurity
Cybersecurity | NOVA Labs - PBS,https://www.pbs.org › lab › cyber
Cybersecurity & Guidance - American Water Works Association,https://www.awwa.org › Cybersecuri...
National Cybersecurity Alliance: Home,https://staysafeonline.org
Cyber Security/Info Assurance Program - Ivy Tech,https://www.ivytech.edu › cyber-sec...
"Articles on Cyber Security, Malware Attack updates | Cyware",https://cyware.com › cyber-security-...
Cybersecurity Resource Center,https://www.dfs.ny.gov › cybersecur...
Thales closes acquisition of important cybersecurity players ...,https://www.thalesgroup.com › group
Cyberseek,https://www.cyberseek.org
Cybersecurity | FINRA.org,https://www.finra.org › key-topics
